Beta,mu_EI,mu_IR,rho,k,eta,N,loglik,loglik.se
30,1.5,2,0.5,10,0.05,38000,-151.25238863566364,2.090550901694859
